school_name,index,LEAID
100-297hsgrant,3184,
a+charter,2823,
abernathyisd,1111,4807410
abileneindependent,2274,
academyisd,2299,4807470
ada-borup-west,2497,2700480
addisonpubliclibrary,2676,
aguadulceindependent,1990,
aitkinpublic,1530,2702760
akron-fairgrove,1071,2602010
alamocolleges,679,
alamoheightsindependent,713,
alanson,2674,2621810
alba-goldenisd,1895,4807650
albanyarea,1812,
albertleaarea,1252,
aldineisd,1722,4807710
aledoisd,871,4807780
alexander,2682,2302280
alexandriatownship,2072,3400690
algonaccommunity,1625,2602190
aliceisd,868,4807800
aliefisd,770,4807830
allencommunitycollege,2650,
allenindependent,855,
alpena,1365,502280
alpena-montmorency-alconaesd,2701,2680120
alpineisd,2310,4807950
alseacharter,2548,
altoona-midwayusd387,3042,
alvaradoisd,724,4800011
alvinindependent,1295,
amarillocollege,1957,
amarilloisd,1931,4808130
amboycusd#272,1276,
amphitheater,2065,
anahuacindependent,1870,
anderson-shirocisd,633,4808230
angelinacollege,2752,
angletonindependent,1874,
annaindependent,849,
annawan,1608,
annetteisland,1331,200525
anoka-hennepin11,2720,
ansonisd,2224,4808400
anthonyisd,819,4808430
antioch34,1716,
antonisd,2285,4808460
aquillaindependent,2211,
aransaspassisd,924,4808580
archercityisd,2988,4808610
argocommunityhigh217,1709,
argyleisd,1395,4808670
arkansasdepartmentofeducation,1133,
arlingtonisd,2978,4808700
arpisd,1862,4808730
ashland,1537,2003510
ashleycommunity,2751,2603480
athensindependent,635,
atlantaisd,888,4808880
augres-sims,1634,2603600
aubreyindependent,1857,
austin,2516,
averyisd,761,4809060
avon-washingtontownshippubliclibrary,1161,
azleindependent,1367,
aztecmunicipal,2121,
badgerisd676,1824,
bagley,1183,
bairdisd,2000,4809280
bakkenareaskillscenter,2989,3880784
baldwincommunity,2632,2603810
ballingerisd,2226,4809300
balmorheaisd,2166,4809330
banderaindependent,1846,
bangortownship,1645,2603900
banks,2613,1300240
bannockburn106,1248,1704950
banqueteisd,1705,4809410
barbershillindependent,1110,
barnesville,1533,
bartlettisd,1020,4809540
bastropindependent,1914,
bathcommunity,3210,2604170
battlecreekcentralhigh,1167,
battlecreek,2646,2600005
baycityisd,2101,4809630
bay-arenacisd,909,2680504
beaumontisd,748,4809670
beaverton,1443,2604440
becker,1475,
beckvilleisd,1964,4809690
bedford,1618,2502400
beevilleisd,2183,4809720
belcourt#7,2815,
beldingarea,1062,2604530
belleplaine,1400,2003900
bellsisd,2225,4809780
bellvilleisd,2334,4809810
belmond-klemmecsd,1344,
beloitusd273,2730,
beltonindependent,1873,
benbolt-palitoblancoisd,2197,4809870
benavidesisd,2230,4899130
bend-lapine,2413,
benjamin25,1192,1705880
bensonisd#777,1584,
benziecentral,2367,2604950
bernalillo,2111,3500210
berrienresa,1635,2680160
berriensprings,1327,2605430
berwynnorth98,1719,1706060
berwynsouth100,1287,1706090
bethaltocusd#8,1329,
bethelboardofeducation,2425,
biglake,1761,
bigsandyisd-polk,2347,
bigsandyisd-upshur,1918,
bigspringindependent,723,
birchrunarea,1627,2605820
birdvilleindependent,2178,
bishopconsolidatedindependent,2297,
bismarck-henningcusd#1,1718,
bismarck-henning/rossville-alvincooperativehigh,1963,
blachly,2514,
blackwellconsolidatedindependent,2113,
blancoisd,1855,4810320
blandisd,2075,4810350
blinncollege-brenhamregular,1319,
bloomburgindependent,2233,
bloomfield,2463,900330
bloominggroveisd,1348,4810470
bloomingdale,3205,3401860
bloomingdale13,1261,1706450
bloomingtonindependent,959,
blueridgecusd#18,1708,
blueridgeisd,845,4810590
bluffdaleisd,2721,4810620
blumisd,2351,4810650
boerneindependent,1350,
bold,3004,
bolesisd,1301,4810740
bonhamisd,866,4810800
bonnevillejoint93,1349,
bordenisd,1296,4810860
borgerisd,904,4810890
boscobelarea,2023,5501500
bosquevilleisd,1003,4810910
bowieindependent,878,
"bowie-casselectriccooperative,inc.",830,
boxelder,1575,4900090
boycevillecommunity,1606,5501590
boydisd,1611,4811010
boynecity,965,2606500
boysranchisd,697,4811040
brackettisd,1723,4811070
brandon,1633,
brandywinecommunity,1034,2606600
brazosportcollege,1854,
brazosportindependent,877,
breckenridgeisd,1647,4811220
breckenridge846,1745,
brenhamisd,1856,4811280
bridgecityindependent,905,
bridgeportisd,647,4811340
bridgeport,2756,900450
bridgman,1060,2606840
brightonarea,2615,2606870
bristolbayborough,2140,200030
bristol,2447,900510
broaddusisd,2228,4811430
brockisd,803,4811460
brookfield-lagrangepark95,1715,
brookings-harbor17c,1563,4102310
brooklyncenter,1769,
brooks,2026,1300540
brooksisd,2016,4811580
brookwood167,1714,1716950
brownfieldisd,674,4811610
browning,2060,
brownsboroisd,1273,4811640
brownsvilleisd,2175,4811680
brownwoodindependent,988,
bryanindependent,2246,
bssd-unalakleet,2110,
buckholtsindependent,2350,
buckley,2599,
buenavistaisd,712,4811910
buffaloisd,2545,4811990
buffalo-hanover-montrose,1209,2707200
bullardindependent,2490,
bunaindependent,820,
burkburnettindependent,1896,
burkevilleisd,1892,4812150
burlesonisd,1384,4812180
burlingtonusd#244,3199,
burnetconsolidatedi.s.d.,1041,
burnham154.5,2694,
burnsville-eagan-savageisd191,1113,
burtonisd,2593,4812240
bushlandisd,1767,4835570
bynumisd,2116,4812360
byronarea,1428,2607530
byroncenter,930,2607560
c.o.o.r.intermediate,1970,
caddomillsisd,669,4812390
cahokiaunit187,1497,
calallenisd,934,4812420
caldwellisd,680,4812460
calhounisd,2207,4812480
calhounintermediate,Calhoun,2680200
callisburgisd,2750,4812510
cambridge-isanti,1122,
cameronisd,1226,4812640
canadianisd,789,4812700
cannonvalleyspecialeducationcooperative,1036,
cantonisd,2194,4812750
cantonunion#66,1679,
canutilloisd,864,4812780
canyonisd,788,4812810
canyon-owyheeerviceagency,2093,
capitanmunicipal,1345,
carboncliff-barstow36,1712,1708310
carlinvillecusd#1,1720,
carlisleisd,762,4812870
carlsbadmunicipal,2103,
carmelclaypubliclibrary,1885,
carrizospringsc.i.s.d.,861,
carrollton,2522,2608070
carrollton-farmersbranchisd,631,4813050
carsoncity-crystalarea,1068,2608130
carthageisd,1182,4813110
cascade#5,1572,
casscity,2996,2608400
castleberryindependent,1090,
catalinafoothills,1202,
"caviat(coconinoassociationforvocations,industryandtechnology)",1117,
ccsd89,1409,1740500
cedarhillisd,1600,4813230
cedarmountain-2754,2796,
cedarsprings,1484,2608520
celesteisd,1411,4813260
celinaindependent,758,
centennialisd12,1528,
centennial,1561,3100099
centercass66,1490,1708970
centerisd,651,4813320
centerpointisd,1923,4813350
centralappraisaloftaylor,3190,
centralarizonavalleyinstituteoftechnology,1801,
centralcusd301,1311,1707830
centralheightsindependent,1517,
centralisd,2291,4813500
centralpoint6,1553,4102940
central,2403,2004230
central104,1243,1709170
central51,1507,1709150
centreville,1989,2608670
century100,2790,
channelviewisd,791,4813590
chanuteusd413,2345,
chapelhillisd-titus,1760,
chapelhillisd-smith,1759,
charlevoix-emmetisd,2499,2680240
charlotte,1031,1200240
chatham,2647,200730
cheboyganarea,3215,2608910
chelsea,911,2503540
cherokeeindependent,1583,
cherokeeindianhospital,2148,
chesterisd,2687,4813770
cheylinusd103,2572,
chicoisd,2255,4813800
childressisd,2242,4813860
chiltonisd,1853,4813920
chinaspringisd,2238,4813960
chisagolakes2144,1066,
chisholm,840,4021780
chisumisd,2316,4800012
christovalisd,1754,4814010
chugach,2598,200800
churchill,1197,3200030
cicero99,1488,1710200
cityoffriona,2824,
cityofhayden,2366,
cityofhermantown,2639,
cityofkarnescity,3006,
cityofouray,2503,
cityofstewartville,2080,
cityofwatford,2633,
cityofwaverly,694,
city,581,
cityviewisd,2280,4814130
clackamascommunitycollege,1412,
clackamaseducationservice,1547,
clarksvilleisd,731,4814190
claudeisd,1169,4814250
clayton,2057,1301230
clearcreekisd,1940,4814280
cleburneindependent,1684,
clevelandisd,1682,4814370
cleveland,2475,500067
cliftonisd,2177,4814400
climax-scottscommunity,2506,2610020
climax-shellyisd592,1831,
clintindependent,919,
clintoncommunity,3191,2610050
clintonresa,2714,2680320
clinton,2467,504410
clioarea,1481,2610110
cloquet,1149,
cloudcommunitycollege,2656,
clydecisd,661,4814450
coahomaisd,984,4814490
coastalbendcollege,2027,
coldspring-oakhurstcisd,672,4814520
collegeoflake,2575,
collegeofthemainland,2271,
collincollege,1010,
collinsvillecusd#10,1231,
collinsvilleisd,2262,4814580
coloradoisd,2243,4814640
columbia-brazoriaisd,1290,4814670
columbiaheights,1211,
columbusindependent,1798,
comalisd,1083,4814730
comancheisd,664,4814760
comfortisd,652,4814790
commerceisd,1127,4814820
communityconsolidated180,1514,
communityconsolidated59,2677,
communityconsolidated93,1266,
communityhigh218,1717,
communityhigh94,1499,
communityisd,1208,4814850
communityunit300,1453,
como-picktoncisd,2314,4814880
comstock,1037,2610590
concept-horizonscienceacademytwincities,2626,
concept-minnesotamathandscienceacademy,2355,
concordcommunity,1623,1802400
connallyisd,690,4814970
constantine,2392,
consumerbankersassociation,2031,
cook104,1792,
cooperisd,2277,4815150
coppellindependent,1721,
coppercountryisd,2693,2680505
copperascoveindependent,665,
corbett,1554,
cordova,2046,
corpuschristiindependent,898,
corrigan-camdenisd,1701,4815300
corsicanaindependent,642,
corunna,1522,2610860
corvallis509j,1216,4103480
cotullaisd,638,4815400
,582,
2,618,
3,2596,
test,2722,
couplandindependent,2708,
coventryboardofeducation,2424,
covert,1506,2610980
covingtonisd,1930,4815480
craigcity,1845,200090
crandallisd,2100,4815510
craneindependent,2491,
cranfillsgapisd,1866,4815570
crawfordisd,2983,4815600
crestwood,1521,2600016
creswell,1558,
crete-moneeboardofeducation,1408,
crockettconsolidatedcommon,857,
crockettindependent,891,
cromwell-wright,1822,2709690
crook,1863,4103720
crosbyisd,1018,4815750
crosby-irontonisd#182,1067,
crosbytoncisd,972,4800001
crossplainsisd,2668,4815810
crossroadsindependent,2096,
crosslakecommunity,978,
crowellisd,655,4815870
crystalcityindependent,1587,
cueroindependent,718,
culberson-allamooreisd,2249,4815990
cumbyisd,2114,
cunningham-westkingmanusd332,2709,
cypress-fairbanksisd,668,4816110
d.c.everestarea,1315,
daingerfield-lonestarisd,986,4816180
dakotacommunityunit201,1495,
dalhartisd,1129,4816200
dallas,2353,101110
damonindependent,1945,
danburyindependent,944,
danvilleccsd118,1734,1711790
darien#61,2826,
darlingtoncommunity,1581,5503150
darrouzettisd,1916,4816320
davis,914,4009510
dawson-boyd,2573,
daytonindependent,639,2101530
decaturisd,648,4816500
deerriverisd317,2476,
deerfieldpublic109,1747,
dekalbisd,892,4816570
delvalleisd,675,4816620
delano,1338,
dellcityindependent,1300,
deltacollege,1632,
demo-harpercollege,3209,
demo-litchfieldcommunity12,2625,
denisonisd,774,4816710
dentonisd,949,4816740
denvercityindependent,1942,
derby,2426,901110
desotoindependent,947,
detroitisd,1724,4816890
detroitlakes,2364,
deversisd,745,4816920
devineisd,955,4816950
dewisd,1865,4816980
deweyvilleisd,746,4817010
dewitt,1616,500001
d'hanisindependent,990,
diamondlake76,1733,1712210
dibollisd,2232,4817040
dickinsonindependent,2257,
dickinson-ironintermediate,1100,
dilleyindependent,852,
dillinghamcity,1775,200120
dimeboxisd,773,4817130
divideisd,2485,4817190
dixon#170,1258,
dolton149,2571,1712420
donnaindependent,1299,
dossccsd,1354,
douglas,1502,1301860
douglaseducationservice,1551,
douglassisd,2252,4817460
drippingspringsindependent,634,
driscollisd,1438,4817550
dublinindependent,865,
duchesne,1429,4900240
duluth,963,
dumasindependent,1196,
duncanvilleisd,858,4817640
dundeecommunity,1093,2612300
dunlap323,1250,
dupageareaoccupationaleducationsystem,1727,
dupagehigh88,1320,
dupocusd196,1741,
durandarea,1097,2612330
eaglemountain-saginawisd,1017,
eaglepassisd,2009,4817730
eaglepoint9,1542,4104500
earlyisd,2033,4817790
eastaurora131,1665,
eastchambersisd,715,4817880
eastchina,2609,2612420
eastgrandforks,1524,2711130
eastlansing,1629,2612600
eastmississippicommunitycollege,2651,
eastmoline37,1688,1713170
eastmountainhigh,2279,
easterncarver,1159,2708190
easternupperpeninsulaintermediate,2786,
eastpointecommunity,1944,2612450
eatonresa,1639,2680380
echojointagreement,1749,
ectorindependent,1406,
ectorisd,2492,4818000
edcouch-elsaisd,1455,4818060
eddyvillecharter,2821,
edenvalley-watkins,1816,2711190
edgewoodisd-bexar,844,
edgewoodisd-vanzandt,1298,
edina,2636,
edinburgcommunityunit#4,1750,
edinburgconsolidatedindependent,1044,
ednaisd,1614,4818210
educationservicecenterregion13,1949,
"educationservicecenter,region20",1988,
effinghamcommunity,1670,
elcampoindependent,901,
electraindependent,2552,
elginindependent,Elgin,
elkrapids,2387,2613050
elkhartisd,1307,4818390
eloyelementary,2034,
elysianfieldsisd,2644,4818480
ennisisd,862,4818540
eraisd,846,4818600
espa√±ola#55,2123,
estacada,1566,
estanciamunicipal,2064,
eugene4j,1549,4104740
eurekausd389,2660,
eustaceisd,722,4818720
evadaleisd,2044,4818750
evanstontownshiphigh202,1479,
evanston/skokie65,1247,
evansvillevanderburghpubliclibrary,2017,
evantisd,1843,4818780
evergreenparkelementary124,1748,
evermanisd,1454,4818810
fabensisd,1346,4818900
fairfieldisd,695,4818940
faithfamilyacademy,2407,4800105
fallscityisd,1937,4819020
fallseducationco-op,1291,
faribault,1125,
farmersvilleisd,1008,4819080
farmingtonmunicipal,1154,
farmington,1087,506090
fayettevilleindependent,1064,
fentoncommunityhigh100,1427,
fernridge28j,1535,4104950
ferndale,1323,2614280
ferrisisd,2326,4819170
first5la,2038,
first5riverside,2119,
flatrockcommunity,1609,2607080
flatoniaisd,1774,4819280
flintcommunity,1324,
flinthillsusd492,2603,
floodwood#698,1132,
florenceindependent,677,
floresvilleisd,1706,4819350
flourbluffindependent,1439,
flowingwells,1607,
floydadacollegiateisd,2287,4819440
foleyisd51,1823,
follettisd,2021,4819500
forestgrove,3194,4011850
foresthills,691,2614610
forestlakearea,1059,
forneyisd,637,4819560
forrest,1740,2801490
forrestvillevalley221,1249,
forsanisd,834,4819620
fortbendindependent,649,
fortcherry,2141,4209960
fortelliottcisd,2803,4811400
forthancockindependent,2300,
fortsamhoustonisd,1984,
fortsmith,1150,506330
fortworthisd,733,4819700
fourriversspecialeducation,2001,
frankphillipscollege,2308,
frankfortcusd168,1726,1741580
frankstonisd,2208,4819770
fraser,1115,2614820
"frazee-vergas,isd23",1088,
frederic,2070,5504860
fredericksburgisd,825,4819840
freelandcommunity,1317,2615060
freerisd,1001,4819820
fremontno.79,1732,
fridley,1114,
friendshippubliccharter,2126,
frionaisd,1262,4819980
friscoisd,2014,4820010
frostisd,2331,4820040
fruitportcommunity,2482,2615390
fruitvaleisd,1938,4820070
gailbordenpubliclibrary,1426,
gainesvilleisd,2214,4820220
galenacity,2586,200130
galenaparkisd,1860,4820250
galvestoncollege,1505,
galvestonindependent,1941,
ganadoisd,2306,4820310
gardencityusd457,2712,
garlandindependent,1084,
garnerisd,730,4820370
garrisonisd,2055,4820400
garyisd,884,4820460
gatesvilleisd,910,4820500
gavin37,1251,1716290
gaylordcommunity,913,2615730
genevacusd304,1667,1716380
georgetownisd,966,4820600
georgetown-ridgefarmunitno.4,1731,
giddingsisd,710,4820640
gilmerisd,1768,4820700
gladewaterindependent,2202,
glasscockisd,1363,4820790
glastonbury,2417,901620
glenellyn41,1309,1716800
glenroseindependent,732,
glenbardtownshiphigh#87,1729,
glencoepubliclibrary,1234,
godleyisd,2605,4820960
gogebicontonagonintermediate,2747,
goldendale,780,5303090
goldthwaitecisd,881,
goliadisd,2600,4821030
gonzalesindependent,950,
goodhueeducation,971,2791443
goodwillcentraltexas/excel,2502,
goosecreekcisd,1195,4821150
gordonisd,1081,4821180
gpmlifeinsurance,2393,
gradyisd,987,4821300
grahamisd,800,4821360
granburyisd,772,4821390
granby,2427,901680
grandprairieindependent,948,
grandsalineisd,824,4821450
grandfalls-royaltyindependent,3189,
grandviewisd,1755,4821540
grandville,3041,2616470
grangerisd,1848,4821590
granite,2744,3000037
grantcommunityhigh124,1751,
grantonarea,2168,5505640
grapecreekisd,734,4821600
grapevine-colleyvilleisd,1198,4821660
gratiotcourthouse,1371,
grayslakechsd127,1736,1717550
graysoncollege,1233,
greasewoodspringscommunity,763,
greateralbany8j,2005,
greenbushmiddleriverisd2683,1219,
greenvilleelectricutilitysystem(geus),682,
greenvilleisd,1948,4821720
greenwoodindependent,729,
gregory-portlandisd,1396,4821780
gresham-barlow,3214,
groesbeckisd,670,4821810
groomindependent,1884,
grosseiletownship,1334,2617220
gulllakecommunity,1057,2617250
gunterisd,1238,4821960
gurnee56,1244,1717800
gustineisd,2784,4821990
halecenterisd,2278,4822050
hallettsvilleisd,2193,4822120
hallsvilleisd,1976,4822170
hamiltoncommunity,1630,1804230
hamiltonisd,951,4822230
hamlincollegiateisd,917,4822260
hamshire-fannettisd,792,4822320
hancock,2645,1302640
happyisd,2251,4822350
harborsprings,1180,2617700
hardinisd,1123,4822380
hardin-jeffersonisd,952,4822410
harlandaleisd,1981,4822470
harlemconsolidated,1725,
harletonindependent,1864,
harlingenconsolidatedindependent,1015,
harmonyisd,942,4822560
harpercreekcommunity,1420,2617730
harperwoods,1638,
harrisonboard,2161,
harrison36,1264,1718360
hart,1028,1302730
hartsbluffisd,937,4822710
harvardcusd50,1227,1718420
harvey152,1735,1718450
haskellcisd,2723,4822740
hastings,931,3171580
hawkinsindependent,678,
hayscisd,1858,4800010
hazelcrest1521/2,1401,
hazelpark,1527,
hearneisd,2705,4822830
heartoftexasbehavioralhealthnetwork,3207,
hedleyindependent,2684,
helix,2585,
hemphillisd,2578,4822890
hempsteadindependent,2241,
hendersonisd,958,4822970
henriettaisd,755,4822980
herefordisd,2218,4823010
hermantowncommunity,2711,2713920
hermiston,1544,
hicoisd,656,4823070
hidalgoisd,2062,4823100
highlandisd,1398,4823190
highlandparkisd-dallas,2024,
highlandparkisd-potter,935,
hillcity,1074,
hillcollege,1013,
hillssa,2106,
hillsboroisd,953,4823280
hillsboro1j,1540,4100023
hillsdaleisd,1101,2680480
hinckley-bigrockcusdno.429,1228,
hitchcockisd,1009,4823310
holbrookunified3,1359,
hollandisd,2290,4823370
hollandtownship,1928,3407380
hollandale,2384,2801890
hollidayindependent,1881,
hollyarea,1471,2618450
holmesconsolidated,974,2800195
homedalejt.370,2069,
homerccsd33c,1742,1719500
hondoindependent,640,
honeygrovei.s.d.,1224,
hooksisd,2309,4823490
horizonmontessori,2035,4800065
houghtonlakecommunity,1030,2618600
housemunicipal,2760,
houstoncommunitycollege,3045,
howardcollege,1861,
howell,1421,2618720
hubbardisd-hill,2013,
huckabayisd,975,4823760
hudsonisd,1672,4823790
huffmanisd,2641,4823820
huntingtonisd,946,4824000
huntleycommunity158,1422,
huntsvilleisd,736,4824030
huronintermediate,961,
huttoisd,749,4824100
hydaburgcity,1529,200330
idalouisd,2327,4824120
iditarodarea,2697,200520
illinicentralcusd#189,701,
illinoiseasterncommunitycolleges,2652,
illinoisagency,1730,
imlaycitycommunity,941,2619100
independent#272edenprairie,1589,
independent#361,1332,
independent31,1297,
independent316,1817,
independent748,1516,
independent761,1055,
independentno.465,1692,
inghamintermediate,1274,
inglesideisd,787,4824180
intermediate287,1201,2700025
intermediate917,1033,2700026
ioniaintermediate,1181,
ionia,1626,2619250
iowaparkcisd,2788,4824260
iraisd,1440,4824300
ironmountain,2749,2619410
irvingindependent,828,
isd#186-pequotlakes,1743,
isd#696-ely,1352,
isd199invergroveheights,1694,
isd279-osseoarea,2519,
isd640-wabasso,1696,
italyindependent,2171,
itascaindependent,835,
itasca#10,1744,
j.sterlingmortonhigh201,1387,
jackson,1999,101830
jacksonlocal,778,3904985
jacksonvilleisd,1207,4824590
jacksonville#117,1241,
jarrellisd,1933,4824600
jasperisd,2063,4824630
jayton-girardisd,2477,4824660
jeffersonindependent,982,
jemezvalley,2124,3501410
jenison,1644,2619830
jimhoggisd,2328,4824750
jimnedconsolidatedindependent,1441,
joliettownshiphigh204,1212,
jonesboroelementary43,2523,
joppa-maplegroveunit#38,2825,
jordan#717,1773,
josephcityunified,894,
joshuaindependent,759,
jourdantonindependent,1836,
juab,1500,4900450
judsonisd,1434,4824990
junctionindependent,753,
kalamazooresa,1619,2680600
kalevanormandickson/bearlake,2092,
kansasboardassociation,Kansas,
karnackisd,3197,4825110
karnescityisd,977,4825140
kaufmanindependent,2293,
keeneisd,1849,4825230
keeneyville20,1389,1720880
kellerindependent,2320,
keltonisd,2321,4825290
kempindependent,2338,
kenedy-widecommon,2201,
kenedyisd-karnes,1746,
kennardisd,1676,4825470
kennedaleindependent,2219,
kenoshaunified,2131,
kentisd,2589,2680620
kentuckystateboardoflicensureforprofessionalengineers,1753,
kenyonwanamingo,1811,
kerensindependent,897,
kermitisd,2213,4825560
kerrvilleindependent,684,
kewaunee,2139,5507410
kildeercountryside96,2806,
kilgorecollege,1011,
kilgorecollegefoundation,2538,
kilgoreisd,920,4825620
killdeer,2623,
killeenindependent,1051,
killingly,2428,902070
kinglibrarysystem,2778,
kingmanusd#20,2802,
kingsleyarea,2354,2620380
kingsvilleisd,2237,4825680
kirbyvillecisd,954,4825710
kittsoncentral,3193,2791447
klamath,1570,4107020
klamathfallscity,1567,4107080
kleinindependent,921,
kms,709,
komarek94,1230,1721420
kountzeisd,1403,4825920
krumisd,717,4825980
laferiaindependent,1835,
lagrangeindependent,766,
laporteindependent,767,
lapryorisd,960,4826250
lavegaisd,870,4826280
laverniaisd,1470,4826310
lavillaisd,1962,4826340
lacklandisd,1983,4826370
lacrosseusd395,2649,
lafayettecorporation,1838,1805400
lagunadepartmentofeducation,1520,
lakeandpeninsula,1232,
lakebluff65,1265,
lake7,1557,4107280
lakecrystalwellcomememorial,1690,
lakedallasindependent,859,
lakeorioncommunity,1518,2620730
lakependoreille#84,2582,
lakeridge,2056,
lakeshore,1620,
laketravisindependent,900,
lakevilla41,1255,
lakeworthisd,842,4826490
lakelandjointno.272,2129,
lakeshore,1617,
lakeviewcommunity,1070,3100112
lakeview,1089,2700088
lakeville,1160,2307200
lakewaymud,698,
lakewood,902,2620980
lamarcisd,2273,4826580
lamar,782,101950
lamesaisd,686,4826610
lampasasindependent,1901,
lancasterisd,743,4826670
laneeducationservice,1565,
lansing,1579,2008340
lapeercommunity,993,2621180
laporte#306,1134,
lapoynorisd,700,4826220
laredocollege,2181,
laredoindependent,2520,
lasaraindependent,2296,
latexoindependent,2196,
lawtoncommunity,1622,2621240
lesueur-henderson,1666,2718070
leakeyisd,706,4827000
leanderisd,795,4827030
leecollege,747,
lee,985,102070
leforsisd,973,4827090
leland,2817,2802610
lemonthigh210,1271,
leonisd,1996,4827180
leroy-gridleyusd245,2648,
lesterprairie,2562,
levellandisd,2283,4827240
lewis,2780,2008700
lewiston-altura,2341,
lewisvilleindependent,1194,
lexingtonisd,1257,4827330
leydenhigh212,1259,
libertyhillisd,929,4827420
libertyindependent,725,
liberty-eylauisd,822,4827390
libertyvilleelementary70,1784,
lincoln,2565,508940
lincolnesd156,2505,1708100
lincolnshire-prairieview103,1204,1723090
lincolnwood74,1270,1723100
lindaleisd,2191,4827510
linden-kildarecisd,739,4827540
lindop92,1578,1713440
lindsayisd,1875,4827570
lipanisd,1947,4827630
lislecusd202,1795,1723200
littlecypress-mauricevillecisd,807,4827690
littleelmisd,860,4827720
littlefallscommunity,903,2718240
livingstonisd,1664,4827780
livonia,1615,2621840
llanoisd,681,4827810
lockhartindependent,714,
lockport91,1496,1709210
lombard44,740,1723460
londonindependent,996,
loneoakindependent,2315,
longprairie-greyeagle,1444,2700109
longviewisd,2235,4828110
lorenaisd,933,4828200
lorenzoisd,2435,4828230
losalamos,2696,3501650
losfresnoscisd,887,4828290
louiseisd,2107,4828350
louisianacitizenspropertyinsurancecorporation,2594,
lovejoyindependent,856,
loveladyindependent,1078,
lubbockindependent,869,
lubbock-cooperisd,1703,4815180
lulingisd,1156,4828590
lumbertonisd,851,4813530
lyfordcisd,1489,4828620
lyme-oldlyme,2421,
lyon,1027,2103690
lyons103,1785,1723850
lyonstownshiphigh204,1797,
lytleindependent,1872,
mabankindependent,1915,
macombcommunitycollege,1312,
madison,1640,102220
madison,2416,102220
madisonvillecisd,2059,4828710
magnoliaisd,793,4828740
mahtomedi,1077,
malakoffindependent,653,
mammoth-sanmanuelunified,2122,
manisteearea,1636,2622410
manisteeintermediate,1079,
manitowocpublic,2108,
mannheim83,1275,1724330
manorindependent,938,
mansfieldisd,1116,4828920
maplelake,1832,
maranaunified,1780,
marathonisd,805,4828980
marblefallsisd,1042,4829010
marengochsd154,2789,1724570
marengounionelementarycsd165,1525,
marfaisd,1076,4829040
marionisd,1985,4829100
marlinindependent,1890,
marquettealgerregionaleducationalserviceagency,1137,
marquette,1492,
marshallindependent,798,
martisd,2436,4829190
martin'smillisd,2240,
martinsvilleisd,1280,4829250
marym.knight,2077,
marysvilles,1172,
masonisd,1905,4829280
mason,1099,2103870
mathisindependent,2742,
mattawanconsolidated,1508,2623250
maudisd,1889,4829460
maypearlisd,863,4829580
mayvillecommunity,2352,2623280
maywood89,1713,
mcallenindependent,1045,
mccall-donnellyjt.no.421,2127,
mccameyisd,2015,4829700
mcdadeisd,2814,4829760
mcfarland,1757,5508910
mckinneyisd,2118,4829850
mcleanunitno.5,1482,
mcleanisd,2654,4829880
mcmullenisd,879,4829940
meadowisd,2250,4830000
medford,1173,2308140
medford,1545,2308140
medinaindependent,702,
medinavalleyisd,760,4830060
melissaisd,716,4830120
memphisisd,847,4830180
menahgapublic821,940,
mendoncommunity,1091,2623520
mendotaccsd289,2543,1725620
mendotahigh,1330,
mercedesisd,2182,4830250
meridiancusd223,1268,1725690
merkelindependent,1399,
mesavistaconsolidated,1974,
mesquiteisd,1314,4830390
metamoraccsd1,2386,1725740
metlakatlaindiancommunity,2581,
mexiaisd,1752,4830420
meyersvilleisd,2286,4830450
miamiindependent,1883,
michigancenter,1624,2623790
michiganindependentcolleges&universities,2174,
middleriograndedevelopmentcouncil,1582,
middletown,2423,902490
midlandindependent,641,
midlothianisd,1700,4830600
mid-stateeducation,1808,2700073
mid-valleyspecialeducationcooperative,1669,
midwayisd,728,4830640
midwestcentralcusd#191,1206,
milamappraisal,2998,
milamcommissionerscourt,3085,
milanoisd,1771,4830690
mildredisd,1032,4830720
milesisd,1337,4830750
millcreekacademy,2800,
millergroveisd,976,4830810
millingtoncommunity,2551,2623910
millsapisd,1603,4830870
millstadtccsd160,1486,1726190
miltonfreewater,1546,
mineolaindependent,2269,
mineralpoint,2067,
mineralwellsindependent,957,
mingusunionhigh4,2011,
minidoka,2041,
minneapolisboardofeducation,1807,
minnesotastateacademiesboard,1131,
minnewaskaarea,1335,
minookacommunityhigh,1417,
missionconsolidatedindependent,741,
mississippidepartmentofeducation,979,
mississippistateportauthority,1272,
mitchell,2678,1303690
mokena159,1269,1726370
molallariver,1539,
moline-coalvalleyno.40,1787,
monahans-wickett-pyoteisd,1958,4831170
monroe,1641,102400
montabellacommunity,1643,2612960
montcalmareaintermediate,1313,
montealtoisd,784,4831230
montevideo,2489,
montgomeryisd,2239,4831260
moodyindependent,2220,
moregroup,2782,
morrisarea,1596,2700383
morriselementary#54,1322,
morrow,1536,
motleyisd,1887,4831500
moultonisd,1960,4831560
mountclemenscommunity,1631,2624690
mountpleasantindependent,768,
mountpulaskicusd#23,2414,
"mountvernoncity,80",1806,
mt.pleasant,2679,
mt.vernonindependent,1766,
mt.vernontownshiphigh,1199,
muensterisd,1781,4831860
muleshoeindependent,1765,
mullinisd,1151,4831920
multnomaheducationservice,1538,
mundaycisd,1021,4831970
murchisonisd,2231,4832010
muskegonareaisd,1637,2680850
nacogdochesisd,786,4832090
nataliaisd,688,4832130
nationalpurchasingcooperative,816,
nationalboardsassociation,2394,
navarroindependent,1383,
navasotaisd,1869,4832190
naytahwaushcommunitycharter,1830,
ndsbatestmember,2810,
neah-kah-nieno.56,1560,
nechesisd,2253,4832250
nederlandindependent,932,
needvilleisd,1347,4832310
negaunee,1621,2625020
neogacommunityunit#3,1279,
nevis-isd308,1693,
newberlincusd#16,2004,
newbostonisd,1126,4832340
newbraunfelsisd,1512,4832370
newbuffaloarea,1056,2625140
newcaneyindependent,2256,
newdealisd,2798,4832430
newdianaisd,872,4832460
newfairfield,2415,902730
newtown,2755,902910
newwaverlyisd,883,4832640
newport,2076,500023
newtonisd,1888,4832730
newtownpublic,2787,
nicollet,1842,
nilescommunity,1659,2625560
nilestownshipforspecialeducation#807,2698,
niles-mainelibrary,1293,
nippersink2,1423,1700222
nixon-smileycisd,650,4832740
noconaindependent,2117,
nome,1867,200570
nordheimisd,2206,4832880
normangeeisd,776,4832910
norridge80,1242,1728650
northbend#13,1573,
northbrancharea,1686,2625680
northclackamas,1564,
northcrawford,2150,5504980
northdupagespecialeducationcooperative,1336,
northeastindependent,1897,
northhopkinsisd,2304,4832970
northlamarisd,1049,4833010
northsantiam29j,1548,4100020
northshore112,2398,1700119
northslopeborough,1316,200610
northstonington,2628,903060
northwasco21,1556,4100048
northzulchisd,797,4833030
northbrook28,1190,1728980
northeastmetro916,2488,2702264
northeasttexascommunitycollege,1917,
northeastusd246,2627,
northernarealocalworkforcedevelopmentboard,779,
northernvalley,2261,2003270
northlandcommunity-isd118,1430,
northsideisd,2695,4833090
northville,1326,2625980
northwestarcticborough,1035,200625
northwesteducationservices,2486,2680440
northwestindependent,1405,
northwestkansasesc602,3087,
northwesternillinoisassociation,1342,
novaclassicalacademy,1695,2700337
novicommunity,2699,2626130
nueceshospital,1886,
nye,1025,3200360
oakgrove68,1240,
oakparkesd97,1477,1729250
oakpark,1012,
oaklandtownship,2002,
odessacollege,2234,
o'donnellisd,2081,4833390
ogdencity,752,4900720
okemos,2515,2626280
oltonisd,962,4833660
olympiacusd16,1245,1729890
onaga-havensville-wheatonusd322,2706,
onalaskaindependent,1005,
ontario8c,1188,4109270
oracleelementaryno.2,2125,
orangegroveisd,2329,4833720
orangefieldindependent,2091,
orecityisd,1878,4833840
oregoncommissiononautismspectrumdisorder,2155,
oregonboardsassociation,Oregon,
oregonstateboardofeducation,2146,
oregontrail#46,1571,
oriontownship,1374,
orono,1828,
osawatomieusd367,2595,
oswegopubliclibrary,2043,
otsego,1652,2627060
ottawaareaintermediate,969,
overtonisd,1967,4833870
oxfordcommunity,1339,2627240
oxfordusd358,3088,
paducahisd,2187,4833900
palaciosindependent,1210,
palestineisd,1246,4834050
palmerindependent,683,
palosheights#128,2434,
pampaindependent,2186,
panacusd#8,1756,
panhandleisd,967,4834230
panolacollege,1189,
paradiseisd,2289,4834260
parisisd,687,4834290
parisjuniorcollege,1225,
parisunion95,818,
parkersburgutilityboard,1929,
parkrose3,1541,4109480
parkview,1925,5511130
parshall#3,2216,
pasadenaindependent,1894,
pawpawcusd#271,1977,
pawpaw,1661,
pawneeisd,1961,4834410
paysonunified,1839,
pearlrivercommunitycollege,2531,
pearsallisd,632,4834470
peasterisd,2318,4834500
peckcommunity,1656,2627690
pecos-barstow-toyahisd,1877,4834550
pekincommunityhighno.303,1595,
pendleton16r,1559,
pennfield,2568,2627810
pennoyer#79,1278,
perrytonindependent,689,
petersburgisd,2344,4834680
petersburg,1532,
petroliacisd,708,4834710
pettusindependent,1859,
pewittcisd,654,4834800
pflugervilleisd,Pflugerville,4834830
pharr-sanjuan-alamoisd,2163,4834860
phoenix-talent,2579,
pickford,2808,2628020
pillager#116,2530,
pilotpointindependent,2105,
pimajointtechnicaleducation,1386,
pinckneycommunity,2564,2628140
pineriverarea,1424,2628200
pineriver-backus,2584,2728970
pinetreeindependent,790,
pineywoodscommunityacademy,3043,4800074
pipestonearea,1058,2700108
pittsburgisd,1450,4835010
plainsindependent,823,
plainviewisd,1882,4835070
pleasantgroveindependent,841,
pleasantplainscommunityunit8,1789,
pleasantvalley#62,764,
pleasantdale107,1289,1732040
pleasantonindependent,1980,
plemons-stinnett-phillipscisd,1002,4841580
pojoaquevalley,1370,
ponderindependent,2363,
pontiac,1112,
pope,2342,
portaransasisd,671,4835370
portarthurisd,2236,4835400
porthuronarea,943,2628830
portneches-grovesisd,1419,4835430
portoforange,1217,
portofportarthur,2761,
portorford-langlois2cj,1552,4110020
portsanantonio,2152,
porttampabay,1448,
portage,1485,2628950
portland,915,903390
postisd,1094,4835490
pothisd,699,4835550
pottsboroisd,829,4835580
prairiegrovecsd46,1431,1732520
prairiehillsusd113,2715,
prairieleaisd,2719,4835700
prairilandisd,2317,4835740
premontisd,2221,4835760
prescottunified,1369,
presidioisd,827,4835800
prestonjoint#201,2607,
preston,2429,903420
princetonindependent,1770,
princeton-isd477,1092,
priorlake-savagearea,1136,2730060
"promesa,inc.",2340,
prospectheights23,1256,1732850
prosperindependent,2084,
provisoareaforexceptionalchildren,2812,
provisotownshiphigh,1791,
ofpetoskey,1237,2627930
putnamcusd535,1267,1732960
quanahisd,2244,4836180
queenbee16,1782,1732970
queencityisd,2198,4836210
quinlanindependent,2079,
quitmanindependent,926,
rainsisd,644,4836360
rallsindependent,1946,
ramirezcsd,2335,4836420
randolphfieldindependent,1681,
rankin98,1254,
rantoulcity,2431,
raymondvilleisd,912,4836540
reaganisd,799,4836570
redlake#38,1072,
redlickindependent,2324,
redoakisd,2272,4836660
redwing-isd256,837,
redwaterisd,836,4836750
reedcityarea,2534,2629490
reedsport,2759,
refugioisd,2532,4836780
region10educationservicecenter,1164,
region11educationservicecenter,848,
region12educationservicecenter,1851,
region16educationservicecenter,906,
region16pspconsolidatedisdadvisoryboard,2804,
region17educationservicecenter,2601,
region18educationservicecenter,756,
region3educationservicecenter,1096,
region4educationservicecenter,2173,
region5educationalservicecenter,1776,
region7educationservicecenter,2710,
region8educationservicecenter,2282,1800110
regiononeeducationservicecenter,1388,
renwickusd267,2797,
reynolds,1006,4220220
rhodes841/2,2726,
ricardoindependent,1902,
ricecisd,663,4836970
riceindependent,1016,
richardmilburnacademy,1986,
richardsonisd,705,4837020
richlandcusd1,1308,1713290
richmond-burtonchsd157,1786,1733510
ridgeviewcusd#19,2404,
ridgewoodhigh234,2337,
rileyccsd18,3005,1733750
riovistaisd,916,4837200
riverforest,1677,
riverroadisd,923,4837260
rivertrails26,1305,1733870
rivercrestindependent,2164,
riversidebrookfieldhigh,1689,
riverside96,1668,1733990
rivieraisd,2302,4837320
robbinsdalearea,964,
robinsoncusd#2,2513,
robinsonisd,983,4837410
robstownisd,1504,4837440
robyconsolidatedisd,2012,
rochelleisd,1073,4837500
rockisland-milan#41,1341,
rockridge-isd2909,1613,
rockdaleisd,2212,4837590
"rockfordarea,isd883",1166,
rockford,3040,2630030
rockport-fultonindependent,854,
rockspringsisd(069901),1351,
rockwallindependent,2276,
rockyboy,2020,
rocori750,1809,
rogersisd,1048,4837710
romaisd,2323,4837740
rondout72,1491,1734620
rooseveltindependent,727,
ropesindependent,2792,
roscoecollegiateisd,2397,4837860
roscommonarea,1498,2615830
roseaucommunity,1340,
rosebud-lottisd,750,4837900
roselle12,1680,1734710
rosevillearea,2473,
rossville-alvincusd7,1793,1734870
roswellindependent,1919,
roundtop-carmineisd,2086,4838100
royalindependent,2229,
royaloak,1657,2630300
royalvalleyusd337,2574,
royalton,1814,
roysecityisd,2210,4838220
ruidosomunicipal,801,
rungeisd,882,4838310
rushcity,1833,
rushford-peterson,1829,2728290
ruskindependent,875,
russelltest,604,
russellville,2994,512060
s&scisd,1436,
sabinepassindependent,843,
saginawisd,1170,2680930
saginaw,1662,
saginawtownshipcommunity,1171,2630450
saintpaul,1810,2733840
saintpeter,1605,
saladoisd,1288,4838580
saltcreek48,2680,1735220
saltlakecity,2763,
samrayburnisd,2332,4838640
sanangeloisd,899,4838700
sanantonioisd,1982,4838730
sanbenito,2809,
sancarlosunifiedno.20,1920,
sandiegoindependent,1179,
sanelizarioisd,2311,4838850
sanfelipedelriocisd,775,
sanisidroisd,2319,4838910
sanmarcoscisd,981,4838970
sanperlitai.s.d.,2203,
sansabaisd,646,4839030
sanvicenteisd,2986,4839060
sandridgeno.172,1531,
sandscisd,2028,4838400
sanford-fritchisd,693,4839150
sangerindependent,666,
santacruzvalleyunionhs,1995,
santagertrudisisd,2189,4839300
santamariaindependent,3195,
santarosaindependent,1671,
santoisd,1128,4839390
saranaccommunity,1653,2630930
sasedadministrativecenter,1519,
savoyisd,2539,4839450
schertz-cibolo-universalcityisd,1900,
schillerpark81,1788,1735640
schleicherisd,2739,4839510
197,1385,
206,1200,
45,1675,
622,1069,
ofamery,2090,
ofcameron,1594,
ofcudahy,1139,
offlambeau,1353,
ofmauston,1187,
ofmishicot,1698,
ofnewglarus,970,
ofpotosi,2042,
ofriverfalls,1447,
ofsouthmilwaukee,2087,
oftomahawk,2045,
ofturtlelake,1772,
ofwauzeka-steuben,2054,
craftcommunity,2500,2631020
schulenburgisd,1852,4839540
scio,2820,
scurry-rosserisd,838,4839570
sealyisd,1432,4839630
seaside,3046,
seguinisd,867,4839690
seminoleindependent,719,
seymourisd,1433,4839780
sh130municipalmanagementno.1,2743,
shakopee,1215,
shallowaterisd,2205,4839870
shamrockisd,2330,4839900
sharylandisd,2078,4839930
sheldonisd,1876,4839990
shepherdisd,673,4840020
sheridan48j,1550,4111220
shorewood,1921,5513800
silsbeeindependent,667,
silverconsolidated,945,
silverfalls,1569,
silvertonisd,692,4840290
simmsisd,2061,4840320
sintonisd,794,4840350
sitka,2528,200240
sivellsbendisd,2653,4840380
skidmore-tynanisd,1511,4840410
skokie68,1402,1736450
skokie69,1794,1736480
slatonindependent,726,
slidellisd,2602,4840470
smithcenterusd237,2997,
smithvilleisd,1738,4840550
snookisd,1904,4840620
snowflakeunified#5,2154,
snyderisd,936,4840650
socorroisd,2313,4840710
sodaspringsjoint,1356,1603000
solomonunified393,2984,
somers,2459,904140
somersetindependent,2259,2105430
somervilleisd,1777,4840770
somonaukcusd432,1410,1736570
sonoraisdadministration,1303,
southcoastesd,1574,4100024
southharrisoncommunitycorporation,1138,
southholland,1380,
southkoochiching-rainyriverisd363,1827,
southsanantonioisd,2343,4840680
southst.paul,1813,
southtexasisd,1663,4837150
southumpqua,2991,
southeastisland,1397,200700
southfield,1651,
southington,2466,904230
southsideisd,874,4840920
southwestisd,1979,4840950
southwestmetrointermediate288,1186,2700420
southwesttexasjuniorcollege,1229,
spearmanisd,2303,4841010
speeds.e.j.a.#802,1213,
splendoraisd,1602,4841070
springbranchindependent,889,
springhillisd,771,4841190
springvalleyacademy,2738,
springvalleyccsd99,2223,1737050
springlake-earthisd,2010,4841250
springtownisd,1407,4841280
spurindependent,2247,
spurgerisd,1803,4841340
st.anthony-newbrighton,2549,2733420
st.charlescommunity,1612,2632640
st.cloudarea742,1478,
st.croixfalls,1764,
st.croixpreparatoryacademy,1778,2700362
st.francisarea,1821,2733540
st.francis,2007,
st.johns,1654,1201740
st.josephisd,2188,2680960
st.louispark,1820,
st.louis,1660,2632880
st.mary'scharter,2535,
staffordmunicipal,1043,
stafford,2420,904290
stamfordisd,1437,4841400
standish-sterlingcommunity,1124,2632940
stanfield,2819,
stantonisd,2281,4841430
starrmemorialhospital,3187,
stedyjted,1762,
stephenvilleindependent,1799,
sterlingcityisd,2165,4841550
stillwaterarea,2592,2738190
stockdaleisd,2051,4841610
stratfordisd,2307,4841670
streatorelementary#44,1501,
sudanindependent,2209,
sulphurbluffisd,1014,4841790
sulphurspringsindependent,1046,
summithill161,1239,1738220
sunnybrook,2480,
sunnyvaleisd,1000,4841880
sunrayisd,956,
swanvalley,1487,2633410
swartzcreekcommunity,2437,2633420
sweenyisd,630,4841970
sweetwaterisd,2294,4842030
syracuseusd494,2669,
taftisd,645,4842060
tahokaisd,1956,4842090
tarkingtonisd,707,4842210
tatumindependent,2254,
taylorisd,2401,4842280
tazewell-masoncountiesspecialeducationassociation,2704,
teagueisd,1911,4842300
tecumseh,2587,2633720
tejanocenterforcommunityconcerns,2681,
templecollege,1891,
templeisd,853,4842330
tenahaindependent,2082,
terrellisd,1294,4842420
testcityfortexas,577,
testmanual,1355,
texanscanacademies,1952,4800016
texarkanacollege,1850,
texarkanaindependent,1913,
texasgeneralcounselgroup,2348,
texasforthedeaf,2109,
texassouthernuniversity,2066,
texasstateuniversitysystem,1683,
texaswoman'suniversity,1185,
texhomaisd,1927,4842540
theehrhart,2288,
thorndaleindependent,1847,
thorntonfractionalthsd215,2702,
thrallisd,1024,4842660
threeriversisd,1934,4842690
threerivers,796,
threewayisd,2673,4842720
throckmortoncollegiateisd,2474,4842780
tidehavenindependent,2267,
tiogaindependent,2805,
toberemovedmarengochsd154,2795,
tombeanisd,2036,4842930
tonganoxieusd464,2757,
tornilloindependent,2199,
townofbenson,1593,
townofcicero,1372,
townofemeraldisle,1599,
townofhorizoncity,928,
townshiphigh214,2567,
trentonindependent,1993,
tri-,2748,2791446
trinityindependent,735,
troupisd,1302,4843230
troy30-c,1220,
troyindependent,907,
tuliaindependent,2284,
tuloso-midwayisd,643,4843350
tunica,1416,2804290
tupelopublic,1648,2804320
tylerisd,1932,4843470
ubahmedicalacademy-isd4121,1815,
udallusd463,2765,
umatilla,2588,
umatilla-morrowheadstart,2544,
unioncitycommunity,2400,2634410
uniongroveisd,2217,4843530
unionville-sebewaingarea,2987,
unitedisd,2029,4843650
unitedtownshiphigh30,1325,
unity,2132,3306750
universityofhoustonsystem,685,
usd333concordia,2410,
usd417-morris,2990,
uticacommunity,1321,2634470
uvaldeconsolidatedindependent,1047,
valleymillsisd,2037,4843760
valleyviewisd-hidalgo,922,
valleyviewisd-cooke,1871,
vanalstyneisd,850,4843890
vanburenisd,1474,2680985
vanburen,2346,513410
vanindependent,1879,
vanvleckisd,742,4843950
vanguardacademy,2827,4800195
vegaisd,2068,4843980
venusindependent,636,
veribestisd,2339,4844040
vernonindependent,1442,
vicksburgcommunity,1649,2634950
vidorindependent,1004,
viennatownship,2048,
vigopubliclibrary,1950,
villageofmaywood,1130,
wacoindependent,1965,
wacondausd272,2631,
waconia,1513,
waelderisd,876,4844310
walker-hackensack-akeley,1818,
wallawalla,997,5309450
walledlakeconsolidated,927,2635160
wallerisd,737,4844430
walthallboard,1685,
warrenisd,1991,4844580
washingtoncommunityhigh,1590,
washington50,1493,
washingtonstateconventioncenter,1361,
waskomisd,1052,4844670
watervalleyisd,2222,4844710
waterfordunionhigh,1610,
waterloocusdno.5,1868,
waterville-elysian-morristown,1222,2700013
waunakeecommunity,1924,5515810
wausau,1360,5515900
wauseonexemptedvillage,2794,3904564
waverlycommunity,1086,2635520
wawaseecommunitycorporation,1912,
waxahachieindependent,765,
wayne,1576,1305550
wayzata,1040,
weatherfordindependent,992,
webbcisd,2612,4844810
weber,1523,4901200
weimarisd,785,4844820
wellingtonisd,2098,4844890
wellingtonusd353,2642,
wellman-unionisd,2040,
weslacoindependent,2555,
westallis-westmilwaukee,1597,5516260
westbonner83,2136,
westbranch-rosecityarea,1480,2635850
westcarrollcusd314,1253,1700310
westchicagoelementary33,1758,
westhanovertownship,1176,
westhardincisd,989,4845000
westharvey-dixmoor147,1691,
westindependent,821,
westiron,2690,2632910
westlinn-wilsonville,1543,
westorange-covecisd,2102,4845090
westosoisd,2322,4845120
westottawa,2764,
westruskconsolidatedisd,2295,4845150
westsabineisd,1141,4845180
westbrookisd,2073,4845210
western,1106,2635940
westhoffisd,2828,4845240
weston,2468,905010
westwoodcommunity,1650,2611640
westwoodheights,1165,2635970
westwoodindependent,2047,
wexford-missaukeeisd,1026,2680000
whartonjuniorcollege,2052,
whartonisd,808,4845380
whitedeerindependent,1414,
whiteoakisd,2248,4845480
whitesettlementisd,1404,4845540
whitehouseisd,1841,4845600
whiteriverunified,2032,
whitesboroindependent,1601,
whitneyindependent,2245,
wichitafallsindependent,676,
wildoradoisd,2260,4845840
will92,1292,1723730
williamstoncommunity,1135,2636420
willisisd,2995,4845900
willistonbasin#7,2185,
willspointisd,873,4845950
wilmingtoncusd209u,1674,1742630
wilsonisd,2779,4845990
wimberleyindependent,2301,
windomarea,2781,
windsor,2419,905220
windthorstisd,1118,4846080
win-e-mac,2811,2791449
winfield34,1425,1742720
wink-lovingisd,1184,4846170
winnsboroindependent,738,
winonaisd,925,4846230
winstondillard,1221,
wintersisd,1415,4846260
wodenisd,1800,4846320
wolfecityisd,1494,4846350
wonewoc-unioncenter,1449,5517130
wooddale7,1191,1743020
woodbridge,2455,905310
woodburn,1562,
woodhaven-brownstown,1473,2636485
woodland50,1739,
woodridge68,1790,1717040
woodstockcommunityunit200,1277,
woodvilleisd,769,4846440
workers'compensationself-insurancetrust,1783,
workforcesolutionsalamo,751,
wrenshall,2703,
wrusd,893,
wylieindependent,2275,
yantisisd,696,4846590
yellowmedicineeastisd2190,1157,
ysletaindependent,2312,
yukonflats,2391,200775
yumaelementaryone,2085,
zapataindependent,2305,
zionelementary6,1476,
zionsvillecommunity,2039,1802830
